{"_wandb":{"runtime":182},"_timestamp":1.74555840203646e+09,"_runtime":181.67628,"_step":7865,"episode":7865,"loss":51.95294189453125,"total_reward":185}
