{"_wandb":{"runtime":4035},"episode":99999,"loss":-2769.17578125,"total_reward":500,"_timestamp":1.745562476426259e+09,"_runtime":4035.863406,"_step":99999}
